stem,word
a,a
abandon,abandoned
abandon,abandonment
abd,abdi
abdelwahab,abdelwahab
abduc,abduction
abh,abh
abl,ability
abolit,abolitionists
about,about
abraham,abraham
abridg,abridged
abs,absence
abs,absentee
abud,abusive
abus,abuse
abus,abused
academ,academics
acceiv,acceptance
accid,accident
accid,accidents
account,accounting
account,accounts
accus,accusation
achiev,achieving
achil,achilles
act,acting
act,action
act,activism
act,activists
act,activities
act,activity
act,actors
act,acts
act,actualization
actress,actresses
adam,adam
adam,adams
adapt,adaptation
adapt,adaptations
addict,addiction
addict,addicts
addit,additives
address,addresses
adelin,adeline
adjust,adjustment
admin,administration
admit,admission
adolesc,adolescence
adolesc,adolescent
adopt,adopted
adopt,adoptees
adopt,adoption
adult,adult
adult,adulteration
adult,adulthood
adult,adults
adultery,adultery
adv,advancement
adv,adventure
adv,adventurers
adv,adventures
adv,advice
advert,advertising
aer,aerial
aeronaut,aeronautics
aerospac,aerospace
aesthet,aesthetics
affair,affair
affair,affaires
afgh,afghan
afgh,afghanistan
afr,african
afric,africa
aft,after
ag,age
ag,aged
ag,agencies
ag,agency
ag,agent
ag,agents
ag,ages
ag,aging
against,against
agath,agatha
agil,agile
agincourt,agincourt
agoraphob,agoraphobia
agricult,agricultural
agricult,agriculture
ahab,ahab
ahmad,ahmad
ai,ai
aid,aids
ail,ailing
air,air
aircraft,aircraft
airm,airmen
airpl,airplane
ais,aise
akh,akha
al,al
al,alan
al,ali
al,alice
al,all
al,allan
al,alliances
alabam,alabama
alann,alanna
alask,alaska
alchem,alchemists
alchemy,alchemy
alcohol,alcohol
alcohol,alcoholic
alcohol,alcoholics
alcohol,alcoholism
alex,alex
alexand,alexander
alexandr,alexandra
alexandr,alexandria
alexandr,alexandrian
alfr,alfred
algorithm,algorithms
alibab,alibaba
alighier,alighieri
alleg,allegories
allergy,allergy
allgood,allgood
allon,allon
aloysi,aloysius
alphabet,alphabet
also,also
altern,alternate
altern,alternative
altru,altruism
aly,alien
aly,aliens
alzheim,alzheimer
am,amateurs
am,american
am,americans
am,amis
am,amish
amazon,amazon
ambassad,ambassadors
ambit,ambition
americ,america
america,americas
amerikanisch,amerikanisches
amin,amin
amnes,amnesia
amnesiac,amnesiacs
amo,amour
amsterdam,amsterdam
amulet,amulets
amus,amusement
an,an
an,ana
an,anne
an,anning
an,annual
analys,analysis
anarch,anarchism
anarch,anarchists
anatom,anatomy
anciano,ancianos
and,and
andrew,andrew
andrew,andrews
android,androids
andy,andy
anecdot,anecdotes
anell,anelli
ang,anger
angel,angeles
angel,angels
angelou,angelou
anglo,anglo
angstrom,angstrom
anim,animal
anim,animals
anim,animation
anim,animators
animorph,animorphs
anit,anita
ann,anna
annivers,anniversaries
anny,annie
answ,answers
ant,ancient
ant,anti
ant,antique
ant,antiquities
antarctic,antarctica
antholog,anthologies
anthony,anthony
anthropolog,anthropologists
anthropolog,anthropology
antihero,antiheroes
antiqu,antiquarian
antisemit,antisemitism
antislavery,antislavery
antisoc,antisocial
anxy,anxiety
ap,ap
ap,apes
apart,apartment
apocalyps,apocalypse
apollo,apollo
apologet,apologetics
appalach,appalachian
apparat,apparatus
apparit,apparitions
apperceiv,apperception
appl,apple
apply,applied
appoint,appointment
appr,apprentices
apprecy,appreciation
apsley,apsley
aqu,aquatic
arab,arab
arab,arabian
arat,arata
arbeit,arbeiter
arch,arch
arch,archer
arch,archers
archaeolog,archaeological
archaeolog,archaeologists
archaeolog,archaeology
archetyp,archetype
architect,architects
architect,architecture
are,area
area,areas
argentin,argentina
argentin,argentine
aristocr,aristocracy
ark,ark
arm,armenian
arm,armenians
armand,armand
armstrong,armstrong
army,army
arnold,arnold
around,around
arrang,arranged
arson,arson
art,art
art,artificial
art,artist
art,artistic
art,artists
art,arts
arth,arthur
arth,arthurian
artic,articles
as,as
as,asia
as,asian
asesinato,asesinato
asex,asexual
ashevil,asheville
ashland,ashland
aspect,aspect
aspect,aspects
asperg,asperger
ass,assis
assassin,assassination
assassin,assassins
assert,assertiveness
assess,assessment
assist,assistance
assocy,associates
assocy,association
asteroid,asteroids
astrolog,astrology
astronaut,astronautics
astronaut,astronauts
astronom,astronomers
astronom,astronomy
astrophys,astrophysics
asylum,asylums
at,attention
athapasc,athapascan
athlet,athletes
athlet,athletics
atl,atlantis
atlant,atlanta
atmosph,atmosphere
atol,atoll
atom,atomic
aton,atonement
atroc,atrocities
attach,attachment
attack,attacks
attempt,attempted
attitud,attitude
attorney,attorney
attorney,attorneys
attract,attraction
attribut,attributes
auct,auctioneers
auct,auctions
audio,audio
audiobook,audiobooks
august,augusten
aunt,aunts
aur,aura
auror,aurora
auschwitz,auschwitz
aust,australians
aust,austrian
austr,austria
austral,australia
aut,autism
aut,autistic
auth,author
auth,authors
auth,authorship
authorit,authoritarianism
autobiograph,autobiographical
autobiograph,autobiography
autoimmun,autoimmune
autom,automation
automobl,automobile
automobl,automobiles
automot,automotive
av,avarice
avat,avatars
aveng,avengers
avy,aviation
aw,awareness
ayl,ayla
az,azar
az,azoreans
b,b
baby,babies
baby,baby
babysit,babysitters
baccala,baccalaureate
bad,bader
baha,bahais
bahad,bahadur
bahama,bahamas
bail,bail
bak,baker
bak,bakers
bak,baking
bakery,bakeries
bal,balance
ballerina,ballerinas
ballet,ballet
baltim,baltimore
balzac,balzac
bangladesh,bangladesh
bank,bank
bank,bankers
bank,banking
bank,banks
bapt,baptist
bar,bars
barcelon,barcelona
bard,bard
bark,barker
barn,barnes
barret,barrett
bartend,bartenders
bartholomew,bartholomew
bas,based
bas,bases
basebal,baseball
basketbal,basketball
bat,bats
bat,battalion
bata,bataar
batm,batman
battery,battery
battl,battle
battl,battles
bay,bay
beach,beaches
bear,bears
beat,beat
beaumont,beaumont
beauty,beauty
bec,bec
bedtim,bedtime
beef,beef
begabung,begabung
begin,beginner
behavio,behavioural
behavio,behaviourism
behavy,behavior
being,being
being,beings
bekennend,bekennende
bel,bell
belar,belarus
belarus,belarusian
belfort,belfort
belg,belgium
believ,belief
belong,belonging
belong,belongings
benedict,benedict
benefact,benefactors
benjamin,benjamin
bennet,bennet
bennet,bennett
beowulf,beowulf
bereav,bereavement
bergerac,bergerac
berghof,berghof
berkshir,berkshire
berty,bertie
best,best
bet,better
betray,betrayal
betroth,betrothal
bettg,bettger
bev,beverages
bg,bg
bibl,bible
bibl,biblical
big,big
bil,bill
bildungsrom,bildungsromans
billionair,billionaires
biltm,biltmore
bin,bin
bio,bio
bioeth,bioethics
biograph,biographical
biograph,biographies
biograph,biography
biolog,biological
biolog,biologists
biolog,biology
biotechnolog,biotechnology
bioter,bioterrorism
bipol,bipolar
bir,birth
bird,bird
bird,birds
birthday,birthdays
birthfath,birthfathers
birthmoth,birthmothers
bisacsh,bisacsh
bisex,bisexual
bisex,bisexuality
bisex,bisexuals
black,black
black,blacks
blak,blake
blalock,blalock
bless,blessing
bleu,bleu
bligh,bligh
blind,blind
blizzard,blizzards
blog,bloggers
blog,blogs
blood,blood
blu,blue
board,board
board,boarding
board,boards
boardingh,boardinghouses
boat,boating
boat,boats
bob,bob
body,body
bodyguard,bodyguards
bogl,bogle
boil,boiled
bolit,bolitar
boliv,bolivia
bomb,bomb
bomb,bomber
bomb,bombing
bomb,bombings
bombard,bombardment
bombay,bombay
bon,bone
bond,bond
bond,bondage
book,book
book,books
booksel,booksellers
booksel,bookselling
bookst,bookstores
boom,boom
bord,border
borg,borges
bosch,bosch
boston,boston
bot,botanists
botany,botany
botswan,botswana
bounty,bounty
bowl,bowl
boy,boy
boy,boys
boyl,boyle
bradbury,bradbury
brain,brain
branch,branch
brand,brand
brand,branding
brazil,brazil
brazil,brazilian
bread,bread
break,breaking
bren,brennan
brid,brides
bridg,bridge
bridg,bridges
brit,british
britain,britain
briton,britons
brittain,brittain
broadcast,broadcasting
brody,brodie
bront,bront
bront,bronte
brooch,brooches
brooklyn,brooklyn
broth,brother
broth,brothers
broth,brothes
brown,brown
brown,browning
bruc,bruce
brunch,brunches
brussel,brussels
brut,brutality
bryson,bryson
buch,buchanan
budapest,budapest
buddh,buddha
buddh,buddhism
buddh,buddhist
buick,buick
build,buildings
bul,bullies
bul,bullying
bundy,bundy
bur,burial
bureau,bureau
bureaucr,bureaucracy
burfield,burfield
burn,burns
burrough,burroughs
bury,buried
bus,bus
bushido,bushido
bushrang,bushrangers
businessm,businessmen
businesspeopl,businesspeople
businesswom,businesswomen
busy,business
busy,businesses
by,by
c,c
ca,ca
cabal,cabala
cabinet,cabinet
cadet,cadets
caes,caesar
cag,cage
cak,cakes
cal,calif
caldecot,caldecott
calidad,calidad
californ,california
californ,californian
camp,camp
camp,camping
camp,camps
campaign,campaigns
campbel,campbell
can,canal
can,canning
canad,canada
canad,canadian
candid,candidates
cannery,cannery
cannib,cannibalism
cant,cancer
capit,capital
capit,capitalism
capit,capitalists
caps,capsules
captain,captain
captain,captains
car,care
car,career
car,careers
car,caricatures
car,caring
car,carr
carbohydr,carbohydrate
carbohydr,carbohydrates
card,cards
careg,caregivers
carib,caribbean
carjack,carjacking
carm,carman
carmelit,carmelite
carn,carnivals
carnegy,carnegie
carolin,carolina
carolin,caroline
carolyn,carolyn
carp,carpenter
carp,carpenters
cart,carter
carta,cartas
cartoon,cartoon
cartoon,cartoonists
cartoon,cartoons
cas,case
cas,cases
cas,casual
casimir,casimir
casino,casinos
cassandr,cassandra
castl,castle
castl,castles
cat,caterers
cat,catering
cat,cats
catalog,cataloger
catalog,catalogs
cathol,catholic
cathol,catholicism
cathol,catholics
cauldron,cauldron
caus,causation
caus,causes
cav,caves
cav,caving
cd,cd
cel,cell
cel,cells
celebr,celebrations
celebr,celebrities
cellul,cellular
celt,celtic
cemetery,cemeteries
cent,central
century,centuries
century,century
cephalon,cephalonia
cerebr,cerebral
cerebrovascul,cerebrovascular
ceremony,ceremonies
ces,cesarean
cess,cessation
cha,chas
chair,chairs
chakra,chakras
chalk,chalk
champ,champ
chang,change
chang,changes
changel,changelings
chapt,chapter
char,charities
char,charity
char,charlie
charact,character
charact,characteristics
charact,characters
charg,charge
charg,charges
chariot,chariot
charl,charles
charleston,charleston
charley,charley
charm,charms
chas,chase
che,cheerfulness
che,ches
chef,chefs
chernobyl,chernobyl
cherry,cherry
chicago,chicago
chich,chichi
chief,chief
chief,chiefs
chil,chile
child,child
child,childhood
childbir,childbirth
chimer,chimera
chimpanz,chimpanzees
chin,china
chinatown,chinatown
chincoteagu,chincoteague
chines,chinese
cho,choice
chocol,chocolate
choir,choirs
choirboy,choirboys
choler,cholera
chomsky,chomsky
chornobyl,chornobyl
christ,christ
christian,christian
christianity,christianity
christians,christians
christie,christie
christmas,christmas
christology,christology
christopher,christopher
chronology,chronology
church,church
church,churches
cial,cialistes
cicero,cicero
cim,cim
cincinnat,cincinnati
cinderell,cinderella
cinem,cinema
cinematograph,cinematography
ciph,cipher
circ,circa
circ,circus
circumcid,circumcision
cis,cision
cit,citizen
city,cities
city,city
civil,civil
civil,civilian
civil,civilization
civil,civilizations
civil,civils
ck,ck
clairvoy,clairvoyants
clark,clark
class,class
class,classes
class,classic
class,classical
class,classicists
class,classics
class,classifiable
classroom,classroom
cle,cleaning
cleopatr,cleopatra
clergy,clergy
clerk,clerks
cli,client
clim,climatic
climb,climbing
clin,clinical
clin,clinique
clinton,clinton
cliqu,cliques
clo,cloth
clock,clock
clon,cloning
clos,close
clos,closings
cloth,clothing
club,club
club,clubs
clumsy,clumsiness
coach,coaches
coach,coaching
coal,coal
coast,coast
cobain,cobain
cock,cocker
cod,code
cod,coding
codepend,codependency
coelho,coelho
coff,coffee
cognit,cognition
cognit,cognitive
coin,coins
coincid,coincidence
col,color
col,colored
col,coloring
col,colors
cold,cold
colin,colin
coll,collar
collect,collecting
collect,collection
collect,collections
collect,collective
collect,collectivism
collect,collectors
colleg,college
colleg,colleges
collid,collisions
colon,colonial
colony,colonies
colorado,colorado
columb,columbus
column,columnists
column,columns
com,com
com,coma
com,comedians
com,comic
com,comics
com,coming
com,comme
com,commentaries
combah,combahee
comet,comets
comfort,comfort
comm,comma
command,command
commando,commando
commerc,commerce
commerc,commercial
commit,commitment
commod,commodity
commun,communal
commun,communication
commun,communism
commun,communities
commun,community
comp,companions
comp,comparative
company,companies
company,company
compass,compassion
compens,compensation
competit,competition
compl,complementary
complex,complex
comply,compliance
comply,complications
compos,composers
compostel,compostela
compuls,compulsive
comput,computer
comput,computers
con,conan
con,conner
conceiv,concept
conceiv,concepts
concord,concord
concret,concrete
cond,condiciones
condens,condensed
condit,conditions
conduc,conduct
conduct,conducta
coney,coney
confid,confidence
conflict,conflict
conform,conformity
congress,congress
conjoin,conjoined
connecticut,connecticut
cons,consuls
conscy,consciousness
consens,consensus
conserv,conservation
conserv,conservationists
conserv,conservatism
consolid,consolidation
consort,consort
conspir,conspiracies
conspir,conspiracy
consul,consular
consult,consultants
consum,consumer
consum,consumers
consum,consumption
cont,concentration
cont,contagion
contact,contact
contemp,contemporary
contest,contests
context,context
contin,continental
contin,continents
contro,contro
control,control
controvers,controverse
controvers,controversial
conv,convents
convers,conversation
convert,conversion
convict,convicts
conway,conway
cook,cooking
cook,cooks
cookery,cookery
cop,coping
cop,copper
cordiller,cordillera
cordon,cordon
cornwal,cornwall
corp,corp
corp,corporate
corp,corporation
corp,corporations
corp,corps
correspond,correspondence
correspond,correspondents
corrupt,corrupt
corrupt,corruption
corry,corrie
cosmolog,cosmology
cost,cost
costum,costume
cotswold,cotswold
cotton,cotton
council,council
counsel,counseling
counsel,counselors
counterfeit,counterfeiting
counterfeit,counterfeits
counterinsurg,counterinsurgency
country,countries
country,country
county,county
coupl,couples
cour,courage
cours,courses
court,court
court,courts
court,courtship
courtes,courtesans
courty,courtiers
coury,couriers
cousin,cousins
cov,covent
cow,cow
cow,cows
cowboy,cowboys
coyot,coyotes
cr,cr
crab,crab
crab,crabbing
crash,crash
crawford,crawford
cre,creation
cre,creative
cre,creativity
cre,creatures
cre,cree
cream,cream
creutzfeldt,creutzfeldt
crichton,crichton
crim,crime
crim,crimes
crimin,criminal
crimin,criminals
criminalist,criminalistique
criminolog,criminology
cris,crises
cris,crisis
crit,critical
crit,critically
crit,criticism
crit,critics
cross,cross
croy,croyance
cru,cruise
cruel,cruelty
crusad,crusades
cryptograph,cryptographers
cryptograph,cryptography
cub,cuba
cuernavac,cuernavaca
culin,culinary
cult,cultists
cult,cults
cult,cultural
cult,culture
cult,cultures
cunxin,cunxin
cur,curators
cur,current
curricul,curriculum
curs,cursing
custom,customer
custom,customs
cyberb,cyberbullying
cyberter,cyberterrorism
cyborg,cyborgs
cyc,cycles
cyr,cyrus
cyrano,cyrano
czech,czech
czechoslovak,czechoslovakia
d,d
da,da
dad,dada
dahl,dahl
dakot,dakota
dalgliesh,dalgliesh
dalla,dallas
daly,daly
dan,dana
dan,danish
daniel,daniels
dant,dance
dant,dancers
dant,dante
dar,darth
darcy,darcy
darf,darfur
dark,dark
dat,data
dat,dates
dat,dating
daught,daughters
dav,dave
dav,davis
davenport,davenport
david,david
davidson,davidson
dawn,dawn
day,day
de,de
dea,death
dead,dead
deaf,deaf
deal,dealers
deal,dealing
dean,dean
deb,debates
deb,debating
debut,debutantes
dec,decoration
dec,decorators
deceiv,deception
decid,decision
decin,decine
decin,decins
deck,decker
def,defence
defect,defectors
defens,defense
deg,degeneration
degrad,degradation
deity,deity
dej,deja
dejah,dejah
delaw,delaware
delft,delft
delh,delhi
delinqu,delinquents
demand,demand
democr,democracy
democr,democratization
demoniac,demoniac
demonolog,demonology
den,dennis
denmark,denmark
dent,dent
dent,dental
dent,dentists
deport,deportation
depr,deprivation
depress,depressed
depress,depression
depress,depressions
depress,depressive
dept,dept
describ,description
desert,deserts
deshim,deshima
design,design
desir,desire
despair,despair
dessert,desserts
det,detention
detect,detection
detect,detective
detect,detectives
detroit,detroit
deutsch,deutsche
dev,devi
dev,devices
develop,developers
develop,developing
develop,development
develop,developmental
devil,devil
devon,devon
devot,devotional
diabet,diabetes
diagnost,diagnostic
diamond,diamond
diary,diaries
diary,diary
dic,dicale
dick,dick
dict,dictators
dict,dictatorship
dict,dictionaries
diego,diego
diet,diet
diet,diets
diff,differences
diffus,diffusion
digit,digital
dillard,dillard
dillon,dillon
dines,dinesen
dinosa,dinosaurs
diplom,diplomatic
diplom,diplomats
direct,direction
direct,director
direct,directors
dirk,dirk
dis,disabilities
disappear,disappeared
disast,disaster
disast,disasters
disc,disc
discipl,discipleship
disciplin,discipline
disciplin,disciplines
discount,discount
discours,discourse
discovery,discoveries
discovery,discovery
discrimin,discrimination
discworld,discworld
diseas,disease
diseas,diseases
disfig,disfigured
dish,dishes
disney,disney
disobedy,disobedience
disord,disorder
disord,disorders
dissocy,dissociative
dist,distance
distribut,distribution
diverg,divergent
divid,division
divorc,divorce
divorc,divorced
dl,dl
do,do
dob,dobbs
doctrin,doctrines
docu,documentary
doer,doerr
dog,dog
dog,dogs
dol,dolls
domest,domestic
domest,domestics
domin,dominance
domin,dominican
don,donation
don,donner
don,donors
donald,donald
donkey,donkeys
doolittl,doolittle
door,door
doppelg,doppelga
dorset,dorset
doubt,doubt
dougla,douglas
doyl,doyle
dragon,dragons
dram,drama
drang,drang
draw,drawing
draw,drawings
dre,dre
dre,dreiser
dream,dream
dream,dreams
dress,dress
dress,dresses
drew,drew
drink,drinking
driv,drivers
drizzt,drizzt
droit,droits
dropout,dropouts
drottning,drottningar
drought,droughts
drug,drug
drug,drugs
druid,druidism
druid,druids
du,du
dublin,dublin
duck,ducks
duk,duke
dust,dust
dutch,dutch
duty,duty
dwarf,dwarfs
dwel,dwellers
dwel,dwellings
dyet,dyett
dying,dying
dyl,dylan
dysfunct,dysfunctional
dyslex,dyslexics
dystop,dystopian
dystopia,dystopias
e,e
ead,eads
ear,early
ear,earth
earthquak,earthquake
earthquak,earthquakes
east,east
east,easter
eastern,eastern
easy,easy
eat,eating
ecc,eccentricities
ecc,eccentricity
ecc,eccentrics
eclips,eclipses
ecolog,ecology
econom,economic
econom,economics
econom,economists
edg,edgar
edi,edith
edinburgh,edinburgh
edit,editions
edit,editors
edn,edna
edouard,edouard
educ,education
educ,educational
educ,educators
educacao,educacao
edward,edward
effect,effect
effect,effectiveness
effect,effects
ego,ego
ego,egoism
egypt,egypt
egypt,egyptian
ehebruch,ehebruch
ehefrau,ehefrau
ehrlich,ehrlich
eiffel,eiffel
eighteen,eighteen
eightfold,eightfold
eisn,eisner
ekspedisjon,ekspedisjonen
el,eleanor
el,elementary
el,elements
elect,election
elect,elections
elect,electric
elect,electricity
electron,electronic
elen,elena
eleph,elephants
elev,elevators
eliad,eliade
elixir,elixir
elizabe,elizabeth
elizabeth,elizabethan
elmessir,elmessiri
eln,elna
elop,elopement
elv,elves
emigr,emigration
emm,emma
emot,emotional
emot,emotions
emp,emperor
emp,emperors
empathy,empathy
empir,empire
employ,employ
employ,employed
employ,employee
employ,employees
employ,employment
empress,empress
empress,empresses
emy,emily
en,en
encephalit,encephalitis
enco,encouragement
encount,encounters
encyclopedia,encyclopedias
end,ender
end,endurance
endang,endangered
energy,energy
enforc,enforcement
engin,engineering
engin,engineers
engin,engines
engl,english
england,england
englisch,englisch
enqu,enqu
enron,enron
enseign,enseignement
enterpr,enterprise
enterpr,enterprises
entertain,entertainers
entertain,entertainment
entheog,entheogens
enthusiast,enthusiasts
entrepr,entrepreneurship
entrepreneury,entrepreneuriat
environ,environment
environ,environmental
environ,environmentalism
environ,environmentalists
environ,environments
ep,epic
epidem,epidemic
epidem,epidemics
epilepsy,epilepsy
episcop,episcopalians
epistemolog,epistemology
epoch,epoch
eq,equality
eq,equalization
er,era
er,eric
er,error
er,errors
ernest,ernest
ernesto,ernesto
ero,eros
erot,erotic
erotic,erotica
erwin,erwin
es,es
escap,escape
escap,escaped
escap,escapes
eschatolog,eschatology
escort,escort
eskimo,eskimos
esmerald,esmeralda
esp,espionage
especia,especiais
ess,essence
essay,essays
est,establishments
est,estate
est,estates
esteem,esteem
esthet,esthetics
et,et
etc,etc
eth,ethical
eth,ethics
ethn,ethnic
ethnolog,ethnology
eunuch,eunuchs
europ,europe
europ,european
europ,europeans
euthanas,euthanasia
ev,evans
ev,eve
ev,event
ev,events
evacu,evacuation
evangel,evangelicalism
evangel,evangelism
everglad,everglades
evich,evich
evict,eviction
evil,evil
evolv,evolution
evolv,evolutionary
ew,ewing
ex,ex
ex,existentialism
examin,examinations
examin,examiners
excel,excellence
exchang,exchange
exchang,exchanges
exchang,exchanging
excit,excitement
execut,executioners
execut,executions
execut,executive
execut,executives
exerc,exercices
exerc,exercise
exerc,exercises
exil,exile
exil,exiles
exobiolog,exobiology
exorc,exorcism
expect,expectancy
expect,expectation
expedit,expeditions
expert,expertise
expery,experience
expery,experiences
expery,experimental
expery,experimentation
expery,experiments
expl,explanation
expl,exploration
expl,explorer
exploit,exploitation
extinct,extinction
extrasens,extrasensory
extraterrest,extraterrestrial
extravert,extraversion
extrem,extreme
extrem,extremists
fa,fa
fabl,fables
fac,face
facebook,facebook
fact,factors
facto,facto
facul,faculty
fadl,fadlan
fai,faith
fail,failure
fail,failures
fairy,fairies
fairy,fairy
faith,faiths
fakahatch,fakahatchee
falcon,falcon
falcon,falconers
falconry,falconry
fals,false
fals,falsehood
fam,fame
famil,familial
famy,familien
famy,families
famy,family
fan,fan
fan,fanaticism
fan,fanatisme
fant,fant
fantasy,fantasy
farm,farm
farm,farmers
fasc,fascism
fasc,fascist
fasc,fascists
fash,fashion
fast,fast
fast,fasting
fat,fatalism
fat,fate
fath,father
fath,fatherhood
fath,fathers
faust,faust
fear,fear
fed,federal
fed,federation
feedback,feedback
feel,feelings
fellow,fellowship
fem,female
femin,feminism
femin,feminist
femin,feminists
feminin,feminine
feminsim,feminsim
ferm,fermor
fertil,fertility
fertil,fertilization
fest,festivals
feynm,feynman
fiant,fianc
fic,fic
ficc,ficci
fict,fiction
fict,fictional
fict,fictitious
fictit,fictitous
field,field
fifty,fifties
fig,figure
fight,fighter
fight,fighters
fight,fighting
fij,fiji
filip,filip
filipino,filipino
filipino,filipinos
film,film
film,films
filmmak,filmmakers
fin,fin
fin,finance
fin,financial
fin,financiers
fin,finn
finlay,finlay
fionav,fionavar
fir,fire
fir,fires
firearm,firearms
firef,fireflies
firm,firm
firm,firme
firm,firms
first,first
fish,fishing
fit,fitness
fitzwilliam,fitzwilliam
fiv,five
fl,fl
fla,fla
flag,flag
flav,flavia
flav,flavians
fli,flies
flight,flight
flin,flinn
flood,flood
flood,floods
flor,florence
flor,florists
florid,florida
flot,flot
flow,flower
flow,flowers
floyd,floyd
flush,flush
fly,flying
foi,foi
folk,folk
folkl,folklore
folkl,folklorists
food,food
food,foods
footbal,football
for,for
forc,forced
forc,forces
ford,ford
forecast,forecasting
forecast,forecasts
foreign,foreign
forelskels,forelskelse
forens,forensic
forest,forest
forest,forests
forg,forgers
forg,forgiveness
forgery,forgeries
forgery,forgery
forgot,forgotten
form,form
form,former
fortun,fortune
fossil,fossils
fost,foster
foundl,foundlings
four,four
fox,foxes
fran,fran
francisco,francisco
frank,frank
frankenstein,frankenstein
franklin,franklin
frant,franc
frant,france
frant,frances
frant,francis
franz,franz
fratricid,fratricide
fraud,fraud
frazy,frazier
fre,free
freedom,freedom
freemason,freemasons
freemasonry,freemasonry
french,french
freshm,freshmen
freud,freud
fri,friars
friedrich,friedrich
friend,friends
friend,friendship
from,from
front,front
front,frontal
fronty,frontier
fruit,fruit
fst,fst
ftsplan,ftsplan
fugit,fugitive
fugit,fugitives
fugu,fugue
fun,funeral
fund,funds
funda,fundamentalism
furn,furnishings
fut,future
fut,futuristic
futurolog,futurology
g,g
ga,ga
gabriel,gabriel
gacy,gacy
gai,gaia
gal,galal
gal,galen
gam,game
gam,gamers
gam,games
gamach,gamache
gambl,gamble
gambl,gambling
gamekeep,gamekeepers
gandh,gandhi
gang,gangs
gangst,gangsters
gard,garden
gard,gardeners
gard,gardens
garrard,garrard
gary,gary
gastronom,gastronomy
gautam,gautama
gay,gay
gay,gays
gaz,gaze
gcse,gcse
geek,geeks
gees,geese
geheim,geheime
geisha,geishas
gen,gene
gen,general
gen,generals
gen,generation
gen,generations
gen,generic
gend,gender
genealog,genealogy
genet,genetic
genet,genetics
geni,genius
genocid,genocide
genom,genomics
genr,genre
genr,genres
gentil,gentiles
geny,genies
geograph,geographical
geograph,geography
geolog,geologists
geolog,geology
geopolit,geopolitics
georg,george
georg,georgia
georg,georgian
germ,german
germ,germanic
germ,germans
germany,germany
gesch,gesch
geschicht,geschichte
gest,gestion
ghost,ghost
ghost,ghosts
giant,giant
giant,giants
gie,gies
gift,gifted
gilbert,gilbert
gilm,gilmore
ginsburg,ginsburg
giqu,giques
gir,girlie
giraff,giraffe
girl,girls
glac,glacial
glady,gladiators
gland,gland
glass,glass
glen,glenn
glob,global
glob,globalization
glom,glomar
goal,goal
goblin,goblins
god,god
god,gods
goddess,goddess
goddess,goddesses
gogh,gogh
gogol,gogol
gold,gold
gold,golden
goldm,goldman
goldsworthy,goldsworthy
golia,goliath
good,good
good,goods
googl,google
gosl,goslar
gospel,gospel
gossip,gossip
goth,goth
goth,gothic
gourmet,gourmets
gouvern,gouvernement
gov,governesses
govern,governance
govern,government
govern,governments
gr,gr
grac,grace
grad,grades
gradu,graduate
gradu,graduates
gradu,graduation
graffit,graffiti
graham,graham
grail,grail
grameen,grameen
gramm,grammar
granddaught,granddaughters
grandfath,grandfathers
grandmoth,grandmothers
grandp,grandparent
grandp,grandparents
graph,graphic
gratitud,gratitude
graviditet,graviditet
graz,grazing
gre,great
gree,greed
greec,greece
greek,greek
green,green
greg,greg
greg,gregory
gretel,gretel
grief,grief
gross,grosse
grossdeutschland,grossdeutschland
group,group
group,groups
grow,growers
grow,growth
grrrl,grrrl
guam,guam
guarantee,guaranteed
guard,guardian
guard,guards
guerrill,guerrilla
guerrilla,guerrillas
guevar,guevara
guid,guidance
guid,guide
guid,guides
guidebook,guidebooks
guilt,guilt
guine,guinea
guit,guitar
guit,guitarists
gulch,gulch
gunfight,gunfighters
gunpowd,gunpowder
guy,guy
guyan,guyana
gwich,gwich
gylfy,gylfie
h,h
haarlem,haarlem
habit,habit
habit,habits
hack,hackers
hack,hacking
hackberry,hackberry
hairdress,hairdressing
hait,haitian
hallucin,hallucinations
hallucinog,hallucinogenic
hallucinog,hallucinogens
hamilton,hamilton
hamlet,hamlet
hampshir,hampshire
hamst,hamsters
han,han
hand,hand
handbook,handbooks
hannah,hannah
happy,happiness
har,hara
hard,hard
hardcov,hardcover
harlem,harlem
harp,harper
harriet,harriet
harry,harry
harva,harvath
hat,hate
hat,hats
hath,hatha
hathaway,hathaway
haunt,haunted
haunt,haunts
hav,have
hawk,hawking
hawthorn,hawthorne
hazard,hazardous
hazzard,hazzard
he,he
head,headings
head,heads
heal,healers
heal,healing
heal,health
healthy,healthy
heart,heart
heath,heather
heav,heaven
heavy,heavy
hedon,hedonism
heer,heer
heil,heiler
heinlein,heinlein
heiress,heiresses
hel,hela
hel,helen
helmu,helmuth
help,help
hemingway,hemingway
henriett,henrietta
henry,henry
her,hera
her,herr
herc,hercule
herm,hermes
hermaphrodit,hermaphroditism
hermet,hermetism
hermit,hermits
hero,heroes
heroin,heroin
heroin,heroines
heyerdahl,heyerdahl
hezekiah,hezekiah
hid,hiding
high,high
high,higher
highland,highlands
higy,higiene
hik,hikers
hik,hiking
hil,hillary
hil,hills
hild,hilda
him,him
himalay,himalaya
hind,hindus
hindu,hindu
hippy,hippies
hiroshim,hiroshima
his,his
hisp,hispanic
hist,histor
hist,historians
hist,historic
hist,historical
hist,histories
hist,history
histoir,histoire
historiograph,historiographie
historiograph,historiography
hitch,hitchens
hitchhik,hitchhiking
hmad,hmad
hmong,hmong
hmung,hmung
hoard,hoarders
hockey,hockey
hoffm,hoffman
hogwart,hogwarts
hol,hole
hol,holes
hol,holistic
holiday,holidays
holland,holland
hollywood,hollywood
holm,holmes
holo,holo
holocaust,holocaust
holograph,holography
hom,home
hom,homes
hom,hommes
homecom,homecoming
homeless,homeless
homeless,homelessness
homicid,homicide
homosex,homosexuality
hon,honore
honeymoon,honeymoons
hong,hong
hop,hope
hor,horror
hors,horse
hors,horses
horsem,horsemanship
horsem,horsemen
hospit,hospital
hospit,hospitals
host,hostage
host,hostages
hostess,hostess
hotel,hotels
hotelkeep,hotelkeepers
hous,house
hous,houses
hous,housing
housebo,houseboats
household,household
housekeep,housekeepers
housekeep,housekeeping
housesit,housesitting
housew,housewives
hrung,hrung
huayhuash,huayhuash
huckleberry,huckleberry
hulk,hulks
hum,human
hum,humanism
hum,humanisme
hum,humanistic
hum,humanities
hum,humanity
hum,humor
hum,humorists
hum,humorous
humanit,humanitarian
humanit,humanitarianism
humo,humour
humpback,humpback
humphrey,humphreys
hung,hungarian
hung,hungary
hunt,hunt
hunt,hunter
hunt,hunters
hunt,hunting
huntington,huntington
hur,hurricane
hur,hurricanes
hurston,hurston
husband,husbands
hygy,hygiene
hypat,hypatia
hyperspac,hyperspace
i,i
ia,ia
ian,ian
ibn,ibn
ic,ice
ic,ices
id,identities
id,identity
idea,ideas
ideengeschicht,ideengeschichte
ideolog,ideologies
idh,idh
idolatry,idolatry
ii,ii
ii,iii
il,ill
il,illness
ilibagiz,ilibagiza
illeg,illegal
illegitim,illegitimacy
illegitim,illegitimate
illino,illinois
illud,illusions
illuminat,illuminati
illust,illustrators
im,image
imagin,imaginary
imagin,imagination
imaginario,imaginario
immac,immacule
immigr,immigrant
immigr,immigrants
immigr,immigration
immort,immortalism
immort,immortality
immun,immunity
imp,imperialism
imperfect,imperfecta
imperson,impersonation
impost,impostors
impost,imposture
impress,impressionism
imprison,imprisonment
in,in
in,ins
includ,inclusive
incom,income
ind,indentured
ind,india
ind,indian
ind,indians
ind,indic
independ,independent
index,index
indian,indiana
indig,indigenous
indigo,indigo
individ,individual
individ,individualism
individ,individuality
induc,induced
indust,industrial
indust,industrialists
indust,industrialization
industry,industries
industry,industry
indy,indies
inf,infancy
inf,infants
infanticid,infanticide
infantry,infantry
infinit,infinite
inflam,inflammation
influ,influence
influenz,influenza
inform,information
infrastruct,infrastructure
inherit,inheritance
injury,injuries
inm,inmates
innov,innovations
ins,insurance
insid,insider
inspect,inspector
inspir,inspiration
inspir,inspirational
institut,institute
institut,institutional
instru,instruments
instruct,instruction
insulin,insulin
insurg,insurgency
int,inc
int,incantations
int,intentionalism
int,inter
intang,intangible
integr,integration
intellect,intellect
intellect,intellectual
intellect,intellectuals
intellig,intelligence
intend,intensive
interact,interaction
interact,interactive
intercountry,intercountry
intercult,intercultural
interest,interest
interest,interests
interfai,interfaith
intermedy,intermediate
intern,internal
intern,international
internet,internet
interperson,interpersonal
interplanet,interplanetary
interpret,interpretation
interpret,interpretations
interprofess,interprofessional
interrac,interracial
interv,intervention
interview,interviews
intery,interior
intim,intimacy
intimid,intimidation
into,into
intrigu,intrigue
introduc,introduced
introvert,introversion
introvert,introverts
intuit,intuition
inv,inventions
inv,inventors
invalid,invalids
invest,investing
invest,investment
invest,investments
investig,investigation
investig,investigations
investig,investigators
investigac,investigaci
ion,ion
iorwer,iorwerth
iow,iowa
ir,iran
ir,irish
ir,irrationalism
iraq,iraq
ireland,ireland
ironm,ironman
irrig,irrigation
is,is
is,isis
isak,isak
isl,isles
islam,islam
islam,islamic
island,island
island,islands
isol,isolation
israel,israel
israel,israelis
issu,issues
istanb,istanbul
it,italian
ita,italy
iv,iv
iwo,iwo
j,j
jack,jack
jacket,jacket
jackson,jackson
jacob,jacobs
jacobit,jacobites
jakob,jakob
jam,james
jamison,jamison
jan,jane
janeiro,janeiro
janit,janitors
jap,japan
japanes,japanese
jav,java
jaw,jaw
jazz,jazz
jealousy,jealousy
jean,jean
jean,jeans
jeev,jeeves
jeffrey,jeffrey
jel,jell
jellyf,jellyfishes
jen,jen
jen,jennifer
jenson,jenson
jersey,jersey
jes,jesus
jesensk,jesenska
jessop,jessop
jew,jewish
jew,jews
jewelry,jewelry
jihad,jihad
jil,jill
jim,jim
jim,jima
jin,jinn
joann,joanna
job,job
jockey,jockeys
joe,joe
johan,johannes
john,john
johnson,johnson
jonestown,jonestown
jord,jordan
jorg,jorge
jos,jos
journ,journalism
journ,journalists
journey,journeys
joy,joy
jud,judicial
juda,judaism
judah,judah
judg,judges
judg,judgment
jug,jugement
jul,julian
juli,julii
juli,julius
juliet,juliet
july,julie
jump,jumpers
jun,jun
jun,june
juny,junior
just,justice
juv,juv
juvenil,juvenil
juvenil,juvenile
juvenitl,juvenitle
k,k
ka,ka
kafk,kafka
kaluz,kaluza
kamdesh,kamdesh
kandel,kandel
kansa,kansas
kar,karr
kat,kate
katharin,katharine
kathleen,kathleen
katrin,katrina
kavanagh,kavanagh
kay,kay
kay,kaye
kays,kaysen
keep,keepers
kei,keith
kel,kelly
kendal,kendall
kentucky,kentucky
keny,kenya
key,key
kibbutzim,kibbutzim
kid,kid
kid,kidd
kidnap,kidnapping
kiev,kiev
kil,killers
kim,kimmerer
kindergart,kindergarten
kinderl,kinderl
king,king
king,kings
kingdom,kingdoms
kinsey,kinsey
kirch,kirche
kiribat,kiribati
kirkpatrick,kirkpatrick
klan,klan
klein,klein
klux,klux
knap,knapp
knight,knighthood
knight,knights
knit,knitters
knit,knitting
knowledg,knowledge
kon,kon
kong,kong
koontz,koontz
kor,korean
kore,korea
kosh,kosher
kriminalrom,kriminalroman
kryn,krynn
ku,ku
kurt,kurt
ky,ky
kyly,kylie
l,l
la,la
lab,labor
lab,laboratories
lab,laboratory
labrad,labrador
lacey,lacey
lack,lacks
lad,laden
lady,ladies
lady,lady
lak,lake
lak,lakers
lak,lakes
lama,lamas
lamot,lamott
lancast,lancaster
landlord,landlord
landown,landowners
landy,landy
langu,language
langu,languages
lank,lanka
larg,large
laroch,laroche
lat,latter
latin,latin
latino,latino
laurel,laurell
law,law
law,laws
lawy,lawyers
lazar,lazarus
lds,lds
le,le
lead,leaders
lead,leadership
leaky,leaky
learn,learning
lebensf,lebensf
lee,lee
leg,legal
legend,legendary
legend,legends
legisl,legislators
lego,lego
lei,leia
leigh,leigh
lengyel,lengyel
lennon,lennon
leon,leone
leprosy,leprosy
lesb,lesbian
lesb,lesbianism
lesb,lesbians
let,letter
let,letters
leukem,leukemia
lexicograph,lexicographers
lexicograph,lexicography
li,li
lib,liberalism
liberty,liberty
libr,librarians
libr,libraries
libr,library
lie,lies
lif,life
lifestyl,lifestyles
light,light
lighth,lighthouse
lighth,lighthouses
lightn,lightning
limb,limbic
lin,liners
lincoln,lincoln
lind,linda
lindeni,lindenii
lingu,linguistics
linton,linton
lion,lion
list,listening
lit,lit
lit,lite
lit,literacy
lit,literary
lit,literates
lit,literatur
lit,literature
lit,litt
litig,litigation
liv,lives
liv,living
llano,llanos
ller,ller
llewelyn,llewelyn
loan,loans
lob,lobes
loc,local
loch,loch
log,logic
log,logique
loggerhead,loggerhead
lon,loneliness
london,london
long,long
longev,longevity
longevidad,longevidad
longmir,longmire
lookalik,lookalikes
lord,lord
los,los
loss,loss
lost,lost
lottery,lotteries
lottery,lottery
lou,louis
louisian,louisiana
lov,love
lov,loves
low,low
loy,loyalists
loyal,loyalty
lu,lu
luc,luce
luca,lucas
luck,luck
lucy,lucien
lug,lugar
lui,luis
luk,luke
lumb,lumber
lun,lunar
lynch,lynch
lynch,lynching
lynchburg,lynchburg
lyndon,lyndon
lysia,lysias
m,m
ma,ma
maart,maarten
machado,machado
machin,machine
macintosh,macintosh
macleod,macleod
mad,mad
madrid,madrid
maf,mafia
mag,magic
mag,magicians
magazin,magazines
mago,magos
mah,mah
mahatm,mahatma
mail,mail
main,main
main,maine
maison,maison
maisy,maisie
maitray,maitraye
mak,makers
mak,making
mal,male
malgud,malgudi
malicy,malicious
mallore,mallorea
malon,malone
malpract,malpractice
man,man
man,management
man,manic
man,mann
man,manned
man,manners
man,manors
man,manuals
mand,mansions
manet,manet
mang,manga
manhat,manhattan
manip,manipulative
manson,manson
manuscrib,manuscripts
mao,mao
maor,maori
mapl,maples
mar,mars
marc,marcus
marcel,marcel
march,march
marcon,marconi
margaret,margaret
marginal,marginalia
marguerit,marguerite
marilyn,marilyn
marin,marine
marin,marines
marit,marital
mark,mark
market,market
market,marketing
marlow,marlowe
marpl,marple
marry,marriage
marry,marriages
marry,married
mars,marjane
marsh,marshals
mart,mart
mart,martial
martin,martin
mary,mary
maryland,maryland
masculin,masculinity
mason,mason
mason,masons
mass,mass
massachuset,massachusetts
massacr,massacre
massacr,massacres
mat,mate
mat,materialism
mat,materials
mat,matiques
mat,matter
matern,maternal
math,mathe
mathem,mathematical
mathem,mathematicians
mathem,mathematics
mathison,mathison
maur,maura
max,max
maxim,maxims
maxwel,maxwell
may,maya
may,mayes
may,mayors
mayl,mayle
mccandless,mccandless
mccracken,mccracken
mcfadden,mcfadden
md,md
me,me
meas,measures
meat,meat
med,medal
med,medals
med,media
med,medical
med,mediums
medic,medici
medicin,medicine
mediev,medieval
medit,meditation
medit,meditations
mediter,mediterranean
medus,medusa
meet,meetings
meet,meets
meissony,meissonier
meliss,melissa
mem,memory
memb,members
memb,membership
memoir,memoir
memoir,memoirs
men,men
ment,mental
ment,mentally
merc,mercenary
merch,merchants
merg,merger
merit,merit
merlin,merlin
merm,mermen
mermaid,mermaids
merrimack,merrimack
merton,merton
mes,mes
met,metal
met,metals
met,meteors
metabol,metabolism
metamorphos,metamorphosis
metaph,metaphor
metaphys,metaphysical
metaphys,metaphysics
methamphetamin,methamphetamine
method,method
method,methods
methodolog,methodology
meurt,meurtres
mex,mexican
mex,mexicans
mexico,mexico
mey,meyer
miam,miami
mic,mice
mich,mich
michael,michael
michael,michaels
michel,michel
michel,michelle
michig,michigan
microbiolog,microbiology
microfin,microfinance
mid,mid
middl,middle
midkem,midkemia
midl,midlife
midland,midlands
midw,midwives
miep,miep
migr,migrant
migr,migration
migr,migrations
mil,miles
mil,miller
milen,milena
milit,military
millay,millay
millhon,millhone
millionair,millionaires
milo,milo
min,mine
min,mines
min,mining
min,ministers
min,ministry
min,minorities
mind,mind
mind,mindfulness
minim,minimal
minnesot,minnesota
mir,mirrors
mirac,miracles
mirce,mircea
misc,misc
miscarry,miscarriage
miscel,miscellaneous
miscellane,miscellanea
misconduc,misconduct
miss,miss
miss,missing
miss,missionaries
miss,missionary
miss,missions
mississipp,mississippi
missour,missouri
mistak,mistaken
mistress,mistresses
mitarbeit,mitarbeiter
mitch,mitch
mitford,mitford
mix,mixed
mo,mo
mod,modification
model,models
modern,modern
mog,mogul
molecul,molecular
monarchy,monarchy
monast,monastic
monastery,monasteries
monet,monetary
money,money
mongol,mongols
monk,monk
monk,monks
monkey,monkeys
monolog,monologues
monro,monroe
monst,monster
monst,monsters
mont,montr
montaign,montaigne
montan,montana
monterey,monterey
monu,monuments
moon,moon
moos,moose
moosewood,moosewood
mor,moral
mor,morale
morg,morgan
mormon,mormon
mormon,mormons
morn,morning
morsko,morsko
mort,mortality
mortg,mortgage
mos,moses
moscow,moscow
moss,mosses
mot,motion
mot,motivation
mot,motivational
mot,motor
motel,motels
moth,mother
moth,motherhood
moth,mothers
motorcyc,motorcycle
motorcyc,motorcycling
motorcyc,motorcyclists
mou,mouth
mount,mount
mount,mountanous
mount,mounted
mountain,mountain
mountain,mountaineering
mountain,mountaineers
mountain,mountains
mov,movable
mov,movement
mov,movements
mov,moving
movy,movie
muert,muerte
muhammad,muhammad
multicult,multicultural
multig,multigenerational
multipl,multiple
mummy,mummies
mung,munger
mur,mural
mur,muralists
murd,murder
murd,murderers
murd,murders
mus,music
mus,musical
mus,musicals
mus,musicians
muse,museum
muslim,muslim
muslim,muslims
mut,mutation
mut,mute
mut,mutism
mut,mutts
mut,mutual
mutiny,mutiny
myron,myron
myst,mysticism
myst,mystifications
mystery,mysteries
mystery,mystery
myth,mythical
myth,myths
mytholog,mythology
n,n
nac,nacional
nafis,nafisi
nagasak,nagasaki
nam,name
nam,names
nanny,nannies
nant,nancy
nantucket,nantucket
napoleon,napoleonic
nar,narratives
narcot,narcotics
narwh,narwhal
nat,national
nat,native
nat,nativity
nat,natural
nat,nature
natchez,natchez
nathaniel,nathaniel
nationalsozialistisch,nationalsozialistische
nav,naval
navajo,navajo
navy,navy
naz,nazi
naz,nazis
ndung,ndung
neal,neale
near,near
necklac,necklaces
ned,ned
nee,needs
negoty,negotiation
negoty,negotiations
neighb,neighborhoods
neighb,neighborliness
neighb,neighbors
neil,neil
neil,neill
neoplasm,neoplasms
neptun,neptune
nero,nero
nerv,nervous
ness,ness
netherland,netherlands
netsuk,netsukes
network,network
network,networks
neurasthen,neurasthenia
neuro,neuro
neurobiolog,neurobiology
neuroeconom,neuroeconomics
neurolingu,neurolinguistic
neurolog,neurologists
neurolog,neurology
neurophysiolog,neurophysiology
neuropsycholog,neuropsychology
neuroscy,neuroscience
neuroscy,neurosciences
neurosurgeon,neurosurgeons
nevad,nevada
new,new
newbery,newbery
newborn,newborn
newfoundland,newfoundland
newlyw,newlyweds
newspap,newspaper
newspap,newspapers
next,next
nger,ngers
nic,nic
nichola,nicholas
nick,nick
nicolson,nicolson
nicotin,nicotine
nietzsch,nietzsche
nig,nigerians
niger,nigeria
night,nights
nightclub,nightclub
nightclub,nightclubs
nightm,nightmares
nik,nike
nikol,nikola
nin,nin
nineteen,nineteen
nineteen,nineteenth
ninj,ninja
no,no
noah,noah
noam,noam
nobel,nobel
nobl,nobility
noesn,noesner
nomad,nomads
non,non
nonconform,nonconformity
nonfict,nonfiction
nonindig,nonindigenous
nonsens,nonsense
nonverb,nonverbal
nonviol,nonviolence
nor,nora
nor,north
norm,normative
normandy,normandy
nors,norse
northern,northern
not,not
not,notable
notebook,notebooks
nouvel,nouvelles
nov,nova
novel,novel
novel,novela
novel,novelists
novel,novels
nsemagd,nsemagd
nuclear,nuclear
nujood,nujood
nurit,nurition
nurs,nurse
nurs,nurses
nurs,nursing
nursery,nursery
nutrit,nutrition
nutrit,nutritional
nutrit,nutritionally
o,o
oakland,oakland
obersalzberg,obersalzberg
obes,obesity
object,object
object,objects
obsess,obsessive
oc,ocean
occult,occult
occult,occultism
occup,occupation
occup,occupations
occupy,occupy
ocean,oceania
ocolc,ocolc
od,odors
odess,odessa
oedip,oedipus
of,of
off,office
off,officers
off,offices
off,official
off,officials
offend,offenders
offens,offenses
ohio,ohio
ojibw,ojibwa
okinaw,okinawa
oklahom,oklahoma
olall,olalla
old,old
old,older
olg,olga
on,on
on,one
onlin,online
ontario,ontario
op,open
op,operations
op,operators
oper,opera
opioid,opioids
opposit,opposites
optim,optimism
optomet,optometrists
or,or
or,oral
orac,oracles
orang,orange
orca,orcas
orchestr,orchestra
orchid,orchids
ord,order
oregon,oregon
org,organ
org,organisms
org,organization
org,organizational
org,organized
org,organs
organisationsverhalt,organisationsverhalten
organisationswandel,organisationswandel
origin,origin
origin,originality
orl,orlean
orl,orleans
orlando,orlando
orph,orphanages
orph,orphans
orthodont,orthodontics
orthodox,orthodox
ory,oriental
ory,orientation
ory,oriented
ory,orienteering
ory,ories
osam,osama
osc,oscar
osteogenes,osteogenesis
oth,other
otherworld,otherworld
ottolengh,ottolenghi
out,out
outcast,outcasts
outdo,outdoor
outlaw,outlaws
ouvr,ouvrages
overprotect,overprotection
overweight,overweight
owl,owls
own,owned
own,owners
oxycodon,oxycodone
oz,oz
ozark,ozark
p,p
pa,pa
pac,pacific
pac,pacifists
pack,packers
pack,packing
packhors,packhorse
pag,pageants
paint,painters
paint,painting
paint,paintings
pak,pakistanis
pakistan,pakistani
pal,pals
palau,palau
paleontolog,paleontologists
palsy,palsy
pan,panic
panam,panama
panjab,panjabis
panth,panther
panz,panzer
pap,papen
papergirl,papergirls
par,parables
par,parent
par,parental
par,parenthood
par,parenting
par,parents
par,paris
parabel,parabel
parachut,parachute
parano,paranoia
paranorm,paranormal
pariah,pariahs
park,park
park,parker
park,parks
parkhurst,parkhurst
parm,parma
part,part
parte,partei
particip,participation
partit,partition
partn,partnership
party,parties
party,party
pass,passing
pass,passivity
past,pastoral
path,path
patholog,pathological
patholog,pathologists
patriarchy,patriarchy
patrick,patrick
paty,patient
paty,patients
paul,paul
paulo,paulo
paz,paz
pb,pb
peac,peace
ped,ped
peddl,peddlers
peddl,peddling
pedro,pedro
pedy,pediatricians
peleliu,peleliu
pelz,pelzer
pen,pen
pen,pena
pen,penn
pendergast,pendergast
penguin,penguins
penitenciar,penitenciaria
pennsylvan,pennsylvania
penolog,penology
peopl,people
peopl,peoples
pep,peparatory
perceiv,perception
perceiv,perceptual
percy,percy
peregrin,peregrine
perform,performance
perform,performers
perform,performing
perfum,perfumes
period,period
period,periodicals
perm,permian
person,person
person,personal
person,personalities
person,personality
person,personation
person,persons
personnel,personnel
persuas,persuasion
peru,peru
pest,pests
pet,pet
pet,peter
pet,pets
petrole,petroleum
pharmaceut,pharmaceutical
phenomen,phenomena
phenomenolog,phenomenology
philadelph,philadelphia
philanthrop,philanthropists
philip,philip
phillip,phillips
philosoph,philosophers
philosoph,philosophical
philosoph,philosophy
philpot,philpot
phobia,phobias
phon,phone
phon,phones
photograph,photographers
photograph,photographic
photograph,photographs
photograph,photography
photojourn,photojournalism
photojourn,photojournalists
phrases,phrases
phylogeny,phylogeny
phys,physical
phys,physician
phys,physicians
phys,physicists
phys,physics
phys,physique
physicy,physiciens
physiolog,physiological
physiolog,physiology
pian,pianists
piano,piano
pick,pick
pict,pictorial
pict,picture
pict,pictures
picturebook,picturebooks
pierc,pierce
pig,pigs
pigeon,pigeon
pigeon,pigeons
pilgrim,pilgrimages
pilgrim,pilgrims
pilot,pilots
pink,pink
pion,pioneer
pion,pioneers
pir,pirates
pistol,pistols
pit,pitt
pizz,pizza
plac,place
plac,places
plagu,plague
plagu,plagues
plan,planned
plan,planners
plan,planning
planet,planet
planet,planets
plant,plant
plant,plantation
plant,plantations
plant,plants
plantagenet,plantagenets
plaskin,plaskin
play,play
play,players
play,playing
play,plays
playboy,playboy
playwrit,playwriting
pleas,pleasant
plot,plot
plum,plum
plur,pluralism
podcast,podcasters
podcast,podcasts
poe,poe
poet,poetic
poet,poets
poetry,poetry
point,point
point,pointe
poirot,poirot
poison,poisoning
pol,police
pol,polish
poland,poland
policewom,policewomen
policy,policy
poliom,poliomy
poliomyelit,poliomyelitis
poliovir,poliovirus
polit,political
polit,politicians
polit,politics
polit,politique
polit,politiques
pollut,pollution
polygamy,polygamy
polynes,polynesia
polyrad,polyradicion
pony,ponies
pony,pony
poor,poor
pop,pop
pop,pope
pop,popes
pop,population
popl,poplar
poppin,poppins
popul,popular
popul,popularity
port,port
portfolio,portfolio
portrait,portraits
portugues,portuguese
posit,positive
poss,possibility
posses,possesion
possess,possession
possess,possessiveness
post,post
post,posts
postmodern,postmodernism
postn,postnatal
postw,postwar
pot,potter
pouvoir,pouvoir
poverty,poverty
pow,power
pow,powers
powel,powell
pract,practical
pract,practice
pract,practices
pray,prayer
pray,prayers
prayerbook,prayerbooks
preach,preacher
precy,precious
predisposit,predisposition
pref,preferences
prefect,prefect
pregn,pregnancy
pregn,pregnant
preh,prehistoric
prejud,prejudice
prejud,prejudices
pren,prenatal
pres,presentations
pres,presentism
presbyt,presbyterian
preschool,preschool
preserv,preservation
preserv,preserve
preserv,preserving
presid,president
presid,presidential
presid,presidents
presum,presumption
preteen,preteen
prev,prevention
priest,priests
prim,primates
princess,princess
princess,princesses
print,prince
print,princes
print,print
pris,prise
prison,prison
prison,prisoners
prison,prisons
priv,privacy
priv,private
priz,prizes
probl,proble
problem,problem
problem,problems
proc,procedural
process,process
process,processing
procrastin,procrastination
proct,procter
produc,producers
produc,product
produc,production
produc,productivity
produc,products
profess,professional
profess,professionals
profil,profiling
program,program
program,programming
program,programs
project,project
prolet,proletariat
prom,proms
promot,promotion
propagand,propaganda
property,property
prophecy,prophecies
prophet,prophets
propos,proposals
pros,prose
prosecut,prosecutors
prostitit,prostitition
prostitut,prostitutes
prostitut,prostitution
protect,protection
protest,protest
protest,protestant
proust,proust
prov,provenance
prov,provence
provint,province
pseudoscy,pseudoscience
psych,psychic
psych,psychics
psychiatry,psychiatry
psychoanalys,psychoanalysis
psychokines,psychokinesis
psycholog,psychological
psycholog,psychologically
psycholog,psychologie
psycholog,psychologists
psycholog,psychology
psychopath,psychopaths
psychotherap,psychotherapists
psychotherapy,psychotherapy
psychy,psychiatric
psychy,psychiatrists
publ,public
publ,publication
publ,publishers
publ,publishing
puerper,puerperium
puerto,puerto
pug,pug
puls,pulse
pun,punishment
punctu,punctuation
punk,punk
puppet,puppets
purit,puritans
puzzl,puzzles
qu,qu
quadripleg,quadriplegics
quak,quaker
quak,quakers
qual,quality
quant,quantum
quatermain,quatermain
que,que
queen,queen
queen,queens
quest,questions
quest,quests
quick,quick
quint,quincy
r,r
rabbit,rabbit
rabbit,rabbits
rac,race
rac,racers
rac,races
rac,racial
rac,racially
rac,racing
rac,racism
rachel,rachel
rad,rader
rad,radicalism
radio,radio
ragpick,ragpickers
rahl,rahl
railroad,railroad
railroad,railroads
rain,rain
rainfal,rainfall
rainy,rainie
raison,raison
ramanud,ramanujan
ramotsw,ramotswe
ranch,ranch
ranch,ranchers
rand,rand
random,random
rang,rangers
rap,rap
rap,rape
rap,rapists
rap,rapp
rapunzel,rapunzel
rat,rationalism
rat,rature
rav,raves
ravensbr,ravensbr
ray,ray
rd,rd
re,re
reach,reacher
read,read
read,readers
read,reading
real,real
real,realistic
real,reality
real,realization
realm,realms
rear,rearing
reason,reason
reason,reasoning
reb,rebus
rebel,rebellion
reclus,recluses
recont,reconciliation
recov,recovering
recr,recreation
recr,recreational
redbird,redbird
redempt,redemption
reduc,reducing
ref,reference
ref,references
reform,reform
reform,reformers
refug,refugees
reg,region
reg,regional
reg,regionalism
regress,regression
regy,regiment
rehabilit,rehabilitation
reincarn,reincarnation
reintegr,reintegration
reject,rejection
rel,relations
rel,relationship
rel,relationships
rel,relativity
rel,relics
relativit,relativit
relig,religion
relig,religions
religieus,religieuse
religieux,religieux
religy,religious
reloc,relocation
rely,reliance
remarry,remarriage
reminisc,reminiscing
remodel,remodeling
renaiss,renaissance
renew,renewal
reory,reorientation
report,reporters
report,reporting
repres,representation
republ,republic
rescu,rescue
rescu,rescues
research,research
reserv,reserves
reservepolizeibataillon,reservepolizeibataillon
resist,resistance
resort,resorts
resourc,resources
respect,respect
rest,rest
rest,restorers
resta,restaurant
resta,restaurants
resta,restaurateurs
resurrect,resurrection
resy,resilience
retail,retail
retir,retirees
retir,retirement
retribut,retribution
retriev,retriever
return,return
reuel,reuel
reun,reunions
reveng,revenge
revolv,revolution
revolv,revolutionaries
revolv,revolutions
rex,rex
rhet,rhetoric
rhym,rhyme
ric,rican
ric,ricans
rich,rich
richard,richard
rick,rick
rico,rico
rie,rie
right,right
right,righteous
right,rights
riley,riley
rin,rina
ring,ring
ring,rings
rio,rio
riord,riordan
riot,riot
ris,rising
risk,risk
rit,rites
rit,rituals
riv,river
rivier,riviera
rizzol,rizzoli
rlek,rlek
rligh,rlighed
roadsid,roadside
roald,roald
rob,robbers
robbery,robberies
robert,robert
robicheaux,robicheaux
robin,robin
robot,robots
roby,robie
rock,rock
rodham,rodham
roe,roe
rol,role
rollin,rollins
rom,roman
rom,romance
rom,romances
rom,romans
rom,romantic
rom,rome
romany,romanies
romeo,romeo
ronald,ronald
room,room
room,rooms
roosevelt,roosevelt
ros,rose
ros,roses
rosato,rosato
row,row
rowl,rowling
roy,roy
roy,royal
royal,royalty
rul,rulers
run,runners
run,running
runaway,runaway
runaway,runaways
rur,rural
russ,russia
russ,russian
russ,russians
russel,russell
rusty,rusty
ruth,ruth
rwand,rwanda
ryan,ryan
rztin,rztin
s,s
sabot,sabotage
sacr,sacrifice
sadako,sadako
saf,safety
saga,sagas
sail,sailors
saint,saint
saint,saints
saj,sajer
sal,sale
sal,sales
sal,salinger
salem,salem
salina,salinas
salt,salt
salud,salud
sam,sam
sam,same
samuel,samuel
samura,samurai
san,san
sanator,sanatoriums
sanctu,sanctuaries
sandm,sandman
santiago,santiago
saomt,saomts
sar,sara
sarasot,sarasota
sarcom,sarcoma
sasak,sasaki
sat,satanism
satir,satire
satisfact,satisfaction
satrap,satrapi
sav,saving
savannah,savannah
savich,savich
sawy,sawyer
saxon,saxons
scald,scalds
scand,scandal
scand,scandals
scandinav,scandinavia
scarc,scarcity
scarlet,scarlett
scarpett,scarpetta
scen,scenes
scenery,scenery
schizophrenia,schizophrenia
schizophrenics,schizophrenics
scholars,scholars
school,school
schooling,schooling
schools,schools
schrodinger,schrodinger
sci,science
sci,sciences
sci,scientific
sci,scientists
scot,scot
scot,scotia
scot,scots
scot,scott
scot,scottish
scotland,scotland
scrabble,scrabble
screenplays,screenplays
scrolls,scrolls
sculpt,sculptors
seaf,seafaring
seal,seals
sean,sean
search,search
seasid,seaside
season,seasonal
seattl,seattle
sec,securities
sec,security
second,second
second,secondary
secrecy,secrecy
secret,secret
secret,secrets
sect,section
secul,secular
see,see
segreg,segregation
seinfeld,seinfeld
sel,selling
select,selection
select,selective
self,self
semiot,semiotics
sen,senate
senegales,senegalese
sens,sensation
sens,senses
sensit,sensitivity
sep,separated
sepoy,sepoy
septemb,september
ser,serial
sermon,sermon
serv,servants
serv,service
serv,services
sery,series
set,setting
sev,seven
sex,sex
sex,sexism
sex,sexual
sex,sexuality
shackleton,shackleton
shadow,shadows
shah,shah
shakespear,shakespeare
sham,shamanism
shangha,shanghai
shannar,shannara
shap,shape
shap,shapes
shapeshift,shapeshifting
sharpshoot,sharpshooters
sheff,sheff
sheffield,sheffield
sheriff,sheriffs
sherlock,sherlock
shetland,shetland
shi,shi
ship,ship
ship,ships
shipwreck,shipwrecks
shirley,shirley
shoot,shooting
shoot,shootings
shop,shopping
shor,shore
short,short
show,show
show,shows
shrewsbury,shrewsbury
siber,siberia
sibl,siblings
sick,sick
sideshow,sideshows
sien,siena
sierr,sierra
sight,sightings
sigmund,sigmund
sign,sign
sign,signal
sign,signs
simon,simon
simpl,simplicity
simpson,simpson
sin,sin
sing,singers
singap,singapore
singl,single
sir,sir
sir,sirens
sist,sisters
sit,sites
situ,situations
siv,siva
sixty,sixties
siz,size
skat,skaters
skid,skid
skil,skills
skin,skin
skulduggery,skulduggery
skyscrap,skyscrapers
skywalk,skywalker
slack,slackers
slav,slaves
slavery,slavery
sledg,sledge
sleep,sleep
sleep,sleeping
sleepwalk,sleepwalking
sleuth,sleuths
sligo,sligo
smal,small
smel,smell
smi,smith
smok,smoking
smokejump,smokejumpers
smuggl,smugglers
smuggl,smuggling
snip,snipers
snow,snow
snowm,snowman
soc,social
soc,sociales
soc,socialism
socc,soccer
socialissu,socialissues
socialit,socialites
sociobiolog,sociobiology
sociolog,sociological
sociolog,sociology
socr,socrates
socy,societies
socy,society
softw,software
sojourn,sojourner
sol,solar
soldy,soldiers
solitud,solitude
solo,solo
solst,solstice
solv,solution
solv,solving
somal,somali
somal,somalia
son,son
son,sons
song,songs
songbook,songbooks
sonnet,sonnets
sooky,sookie
sou,south
soul,soul
soul,souls
soup,soups
sourc,sources
southeast,southeast
southern,southern
soviet,soviet
sox,sox
sp,sp
spac,space
spacecraft,spacecraft
spacex,spacex
spain,spain
span,spanish
spaniel,spaniels
spec,special
spec,specific
spec,speculation
spec,speculative
specim,specimens
spectr,spectrum
specy,species
speech,speech
spend,spend
sperm,sperm
spi,spies
spiegelm,spiegelman
spirit,spirit
spirit,spirits
spirit,spiritual
spirit,spiritualism
spirit,spirituality
spok,spokane
spons,sponsored
sport,sport
sport,sporting
sport,sports
spous,spouses
spring,spring
spritualism,spritualism
spy,spy
spy,spys
squirrel,squirrels
sr,sr
sri,sri
srinivas,srinivasa
st,st
staatspolize,staatspolizei
stackh,stackhouse
staff,staff
stag,stage
stag,stages
stal,stallion
stalk,stalking
standard,standard
star,star
star,stars
starv,starvation
stat,state
stat,states
stat,statistics
stat,status
statesm,statesmen
statu,statues
stdents,stdents
ste,stealing
steam,steamship
steampunk,steampunk
stef,stefan
steinbeck,steinbeck
stenograph,stenographers
stepfamy,stepfamilies
stepfath,stepfathers
steph,stephen
stephany,stephanie
stepheny,stephenie
stepmoth,stepmothers
stepsist,stepsisters
stereotyp,stereotypes
stewart,stewart
stic,stica
stin,stine
sto,stoics
stock,stock
stock,stocks
stockbrok,stockbrokers
stockyard,stockyards
ston,stones
stonewal,stonewall
stop,stops
story,stories
story,story
storytel,storytellers
storytel,storytelling
strand,strand
strangers,strangers
strategic,strategic
strategy,strategy
stratification,stratification
stratigraphic,stratigraphic
strawberries,strawberries
street,street
stress,stress
string,string
strip,strip
strips,strips
structural,structural
stuart,stuart
stud,student
stud,students
study,studies
study,study
stupid,stupidity
sturg,sturgis
stut,stuttering
styl,style
styl,styles
subcult,subculture
subject,subject
subject,subjects
submarin,submarine
submit,submission
subst,substance
subst,substances
substitut,substitutes
suburb,suburban
suburb,suburbs
subvert,subversive
subway,subways
success,success
success,successful
success,succession
sud,sudan
sue,sue
suff,suffering
suffr,suffragists
sug,sugar
suicid,suicidal
suicid,suicide
sum,summary
sum,summer
sum,summers
superhero,superheroes
supern,supernatural
superst,superstring
superv,supervisors
supervillain,supervillains
supply,supply
suprem,supremacy
suprem,supreme
sur,surrealism
surf,surfers
surgeon,surgeons
surgery,surgery
surrog,surrogate
surv,survival
surv,survivors
surveil,surveillance
survey,surveys
sus,susan
susann,susanna
suscept,susceptibility
suspens,suspense
sussex,sussex
sustain,sustainable
suzannah,suzannah
swan,swans
swed,sweden
swed,swedish
swens,swensen
swim,swimmers
swim,swimming
swin,swine
swindl,swindlers
swindl,swindling
symbol,symbolic
symbol,symbolism
symbol,symbols
syndrom,syndrome
synesthes,synesthesia
syr,syria
system,system
system,systems
t,t
taco,tacos
taiwanes,taiwanese
tak,taking
tal,tale
tal,tales
talib,taliban
talk,talkers
tamor,tamora
tap,tape
tapestry,tapestry
taraw,tarawa
tardy,tardiness
tat,tats
tatian,tatiana
tattoo,tattoo
tattoo,tattooing
te,te
tea,tea
teach,teacher
teach,teachers
teach,teaching
teach,teachings
teagard,teagarden
team,team
team,teams
teamst,teamsters
teatro,teatro
tech,tech
techn,technique
techn,techniques
technolog,technological
technolog,technology
ted,ted
teen,teen
teen,teenage
teen,teenager
teen,teenagers
teen,teens
tehr,tehran
tel,tell
telecommun,telecommunication
telegraph,telegraph
telegraph,telegraphers
telepathy,telepathy
telephon,telephone
televid,television
temp,temperance
temp,temperature
templ,temple
tempt,temptation
ten,ten
ten,tenant
ten,tennessee
ten,tennis
ter,terrorism
ter,terrorisme
ter,terrorist
ter,terrorists
term,terms
termin,terminally
tes,tes
testa,testament
testimony,testimony
tex,tex
texa,texas
text,texts
textbook,textbooks
textil,textile
th,th
thanksg,thanksgiving
the,the
the,theater
the,theatrical
the,theories
the,theory
theft,theft
theft,thefts
them,themes
theod,theodore
theolog,theology
therapeut,therapeutic
therapy,therapy
thiev,thieves
think,thinking
thoma,thomas
thompson,thompson
thor,thor
thor,thoris
thoreau,thoreau
thought,thought
thriller,thriller
thrillers,thrillers
thyroid,thyroid
tibet,tibet
tibet,tibetan
tic,tica
tie,tie
tik,tiki
tim,time
timothy,timothy
tiro,tiro
tissu,tissues
tit,titanic
to,to
toddl,toddlers
tokyo,tokyo
tol,tolliver
tolky,tolkien
toltec,toltec
toltec,toltecs
tom,tom
top,topic
topico,topicos
tornado,tornadoes
torpedo,torpedoes
tort,torture
totalit,totalitarianism
tour,tour
tour,touring
tour,tours
touret,tourette
tow,towers
town,town
toy,toy
toy,toys
track,track
trad,trade
trad,trading
tradit,traditional
traff,traffic
traffick,trafficking
trag,tragic
tragedy,tragedy
trail,trails
train,trainers
train,training
train,trains
trait,trait
transatl,transatlantic
transcend,transcendental
transcult,transcultural
transduc,transduction
transform,transformation
transfus,transfusion
transgend,transgender
transl,translations
transl,translators
transmigr,transmigration
transpl,transplantation
transport,transportation
transsex,transsexual
transsex,transsexuals
trap,trappists
trapl,trapl
traum,trauma
traum,traumatic
travel,travel
travel,travelers
travel,travels
travelog,travelogues
trd,trd
tre,tre
tre,treatment
tre,tree
tre,trees
treas,treasure
treason,treason
trekk,trekking
trenton,trenton
tri,trials
triangl,triangles
triathlon,triathlons
trick,tricks
triest,trieste
trod,trojan
trol,trolls
troop,troops
troost,troost
trov,troves
tru,truancy
tru,true
tru,truth
truck,trucks
trudd,truddi
trum,truman
trump,trump
trust,trust
truth,truthfulness
tter,tter
tuberculos,tuberculosis
tuck,tucker
tud,tude
tulli,tullius
tum,tumors
tur,turing
turkey,turkey
turtl,turtle
turtl,turtles
tuscany,tuscany
tut,tutoring
tut,tutors
tv,tv
twain,twain
twenty,twenties
twenty,twenty
twin,twin
twin,twins
two,two
tyl,tyler
typ,type
typewrit,typewriters
tyrannosaur,tyrannosaurus
tyto,tyto
u,u
ub,ubener
ufc,ufc
ug,ugliness
ukrain,ukraine
un,unified
un,union
un,unis
unabridg,unabridged
unc,uncles
und,under
undercov,undercover
underground,underground
underse,undersea
undertak,undertakers
undertak,undertaking
unemploy,unemployed
unemploy,unemployment
ung,unge
unicorn,unicorn
unicorn,unicorns
unident,unidentified
unil,unilateral
unit,unit
unit,united
unit,units
unitair,unitaire
univers,universities
univers,university
unmarry,unmarried
unplan,unplanned
unternehmensgr,unternehmensgr
unw,unwanted
up,up
up,upper
urb,urban
urd,urden
us,usa
us,usage
us,use
utah,utah
utilit,utilitarianism
utopia,utopias
uxoricid,uxoricide
v,v
va,va
vac,vacation
vac,vacations
vaccin,vaccines
vad,vader
valdem,valdemar
valet,valets
valley,valley
valu,value
valu,values
vampir,vampires
van,van
van,vann
vand,vandalism
vanuatu,vanuatu
vary,variation
vasil,vasil
vass,vassar
vat,vatican
veg,vegan
veget,vegetables
veget,vegetarian
veget,vegetarianism
vehic,vehicle
ven,venice
vend,vendors
vendett,vendetta
vent,venture
ventriloqu,ventriloquism
ver,vera
verhaltensmodifik,verhaltensmodifikation
verit,verite
verm,vermeer
vermont,vermont
veron,verona
vers,verse
vers,verses
vertosick,vertosick
vet,veteran
vet,veterans
veterin,veterinarians
vic,vice
vic,vices
vict,victi
victim,victims
victor,victoria
vid,vida
video,video
vie,vie
vienn,vienna
vietnam,vietnam
vietnames,vietnamese
view,views
vigil,vigilante
vigil,vigilantes
vii,vii
vii,viii
vik,vikings
vil,village
vil,villages
vim,vimes
vineyard,vineyards
vint,vincent
viol,violence
viol,violent
violin,violinists
violoncel,violoncellists
vir,virus
virgil,virgil
virgin,virgin
virgin,virginia
virt,virtual
vis,visionary
vis,visions
vis,visual
vitro,vitro
vladek,vladek
voc,vocational
voenno,voenno
volcano,volcanoes
volunt,voluntarism
volunt,voluntary
voorwerp,voorwerpen
voy,voyages
vu,vu
w,w
wag,wagers
wal,wal
wal,wales
wal,wall
wald,walden
walk,walker
walk,walking
walk,walks
walt,walt
walt,walter
walton,walton
wampano,wampanoag
war,war
war,warren
war,wars
ward,ward
ward,wardens
wardrob,wardrobe
warf,warfare
warlock,warlocks
warm,warming
wash,wash
washington,washington
wast,wastes
wat,water
watch,watch
waterg,watergate
wayf,wayfaring
wayn,wayne
weal,wealth
weapon,weapons
weath,weather
weathercast,weathercasters
weathercast,weathercasting
weav,weaving
wed,wedding
wed,weddings
weight,weight
weiss,weisse
wel,well
wel,wells
welch,welch
welf,welfare
welsh,welsh
wereld,wereld
werewolv,werewolves
wessex,wessex
west,west
western,western
western,westerns
whal,whale
whal,whales
whal,whaling
wheel,wheel
wher,where
whit,whit
whit,white
whit,whites
wi,wi
wichit,wichita
widow,widowers
widow,widows
wif,wife
wiggin,wiggin
wil,will
wil,wills
wilberforc,wilberforce
wild,wild
wild,wilde
wild,wilderness
wildl,wildlife
wilhelm,wilhelm
wilkerson,wilkerson
william,william
william,williams
williamson,williamson
wimpy,wimpy
wimsey,wimsey
win,wine
win,winners
wind,winds
winery,wineries
wing,wing
wint,winter
wint,winters
wireless,wireless
wirtschaft,wirtschaft
wirtschaftsth,wirtschaftstheorie
wisconsin,wisconsin
wisdom,wisdom
wish,wishes
wisty,wisty
wit,wit
wit,witnesses
witch,witch
witch,witches
witchcraft,witchcraft
with,with
wiv,wives
wizard,wizards
wizardry,wizardry
wolf,wolfe
wolv,wolves
wom,woman
wom,women
wood,woods
woolf,woolf
woost,wooster
wor,worship
word,word
work,work
work,workers
work,working
work,works
workplac,workplace
world,world
wrexhal,wrexhall
writ,writers
writ,writings
wrong,wrong
wurtzel,wurtzel
wyom,wyoming
xi,xi
xvii,xviii
y,y
yamacraw,yamacraw
yat,yates
year,years
yem,yemen
yemen,yemeni
yen,yen
yka,ykai
yog,yoga
york,york
yorkshir,yorkshire
you,youth
young,young
youth,youths
yun,yunus
z,z
zacky,zackye
zealand,zealand
zedong,zedong
zen,zen
zhang,zhang
zimbabw,zimbabwe
zion,zionism
zodiac,zodiac
zoey,zoey
zomby,zombies
zoo,zoo
zoolog,zoology
zor,zora
zweig,zweig
